bug	sim-bug	patch	sim-patch	b1	b2	b3	b4	b-BLEU-cum	b-BLEU-ave	b-jaccard	p1	p2	p3	p4	p-BLEU-cum	p-jaccard	p-BLEU-ave
public void setup ( ) {	public void setup ( ) {	public static void setup ( ) {	public void setUp ( ) {	1.0	1.0	1.0	1.0	1.0	1.0	1.0	0.7142857142857143	0.3333333333333333	0.2	0	0	0.24305555555555555	0.3119047619047619
private boolean enabled ;	private boolean enabled ;	private boolean enabled = true ;	private boolean enabled = true ;	1.0	1.0	1.0	1.0	1.0	1.0	1.0	1.0	1.0	1.0	1.0	1.0	1.0	1.0
private boolean enabled ;	private boolean enabled ;	private boolean enabled = true ;	private boolean enabled = true ;	1.0	1.0	1.0	1.0	1.0	1.0	1.0	1.0	1.0	1.0	1.0	1.0	1.0	1.0
private boolean enabled ;	private boolean enabled ;	private boolean enabled = true ;	private boolean enabled = true ;	1.0	1.0	1.0	1.0	1.0	1.0	1.0	1.0	1.0	1.0	1.0	1.0	1.0	1.0
Thread . sleep ( 1000 ) ;	Thread . sleep ( 1000 ) ;	Thread . sleep ( 1100 ) ;	Thread . sleep ( 3000 ) ;	1.0	1.0	1.0	1.0	1.0	1.0	1.0	0.8571428571428571	0.6666666666666666	0.4	0.25	0.488923022434901	0.4107142857142857	0.5434523809523809
Thread . sleep ( 1000 ) ;	Thread . sleep ( 1000 ) ;	Thread . sleep ( 1100 ) ;	Thread . sleep ( 3000 ) ;	1.0	1.0	1.0	1.0	1.0	1.0	1.0	0.8571428571428571	0.6666666666666666	0.4	0.25	0.488923022434901	0.4107142857142857	0.5434523809523809
Thread . sleep ( 1000 ) ;	Thread . sleep ( 1000 ) ;	Thread . sleep ( 1100 ) ;	Thread . sleep ( 2500 ) ;	1.0	1.0	1.0	1.0	1.0	1.0	1.0	0.8571428571428571	0.6666666666666666	0.4	0.25	0.488923022434901	0.4107142857142857	0.5434523809523809
private String name ;	private String name ;	private String name = Broadcaster . ROOT_MASTER ;	private String name = DEFAULT_NAME ;	1.0	1.0	1.0	1.0	1.0	1.0	1.0	0.625	0.42857142857142855	0.3333333333333333	0.2	0.3655552228545123	0.3204365079365079	0.39672619047619045
if ( s = = null ) {	if ( s = = null ) {	"if ( s = = null | | ! ""true"" . equalsIgnoreCase ( s ) ) {"	"if ( s = = null | | """" . equals ( s ) ) {"	1.0	1.0	1.0	1.0	1.0	1.0	1.0	0.8235294117647058	0.6875	0.6	0.5	0.6419752245682109	0.4922932330827068	0.6527573529411764
if ( editor ! = null ) {	if ( editor ! = null ) {	if ( editor ! = null & & editor . getControl ( ) ! = null ) {	if ( editor ! = null & & ! editor . isDisposed ( ) ) {	1.0	1.0	1.0	1.0	1.0	1.0	1.0	0.8333333333333334	0.5882352941176471	0.375	0.3333333333333333	0.4975307887399217	0.45289855072463775	0.5324754901960784
private static final boolean debug = true ;	private static final boolean debug = true ;	private static final boolean debug = false ;	private static final boolean debug = false ;	1.0	1.0	1.0	1.0	1.0	1.0	1.0	1.0	1.0	1.0	1.0	1.0	1.0	1.0
private static final boolean debug = true ;	private static final boolean debug = true ;	private static final boolean debug = false ;	private static final boolean debug = false ;	1.0	1.0	1.0	1.0	1.0	1.0	1.0	1.0	1.0	1.0	1.0	1.0	1.0	1.0
private static final boolean debug = true ;	private static final boolean debug = true ;	private static final boolean debug = false ;	private static final boolean debug = false ;	1.0	1.0	1.0	1.0	1.0	1.0	1.0	1.0	1.0	1.0	1.0	1.0	1.0	1.0
} catch ( NullPointerException e ) {	} catch ( NullPointerException e ) {	} catch ( NullPointerException | NoSuchKeyException e ) {	} catch ( Exception e ) {	1.0	1.0	1.0	1.0	1.0	1.0	1.0	0.6666666666666666	0.5	0.2857142857142857	0	0	0.3	0.363095238095238
} catch ( NullPointerException e ) {	} catch ( NullPointerException e ) {	} catch ( NullPointerException | NoSuchKeyException e ) {	} catch ( Exception e ) {	1.0	1.0	1.0	1.0	1.0	1.0	1.0	0.6666666666666666	0.5	0.2857142857142857	0	0	0.3	0.363095238095238
} catch ( Exception e ) {	} catch ( Exception e ) {	} catch ( NoSuchMethodError e ) {	} catch ( Throwable e ) {	1.0	1.0	1.0	1.0	1.0	1.0	1.0	0.8571428571428571	0.6666666666666666	0.4	0	0	0.375	0.4809523809523809
} catch ( Exception e ) {	} catch ( Exception e ) {	} catch ( NoSuchMethodError e ) {	} catch ( Throwable e ) {	1.0	1.0	1.0	1.0	1.0	1.0	1.0	0.8571428571428571	0.6666666666666666	0.4	0	0	0.375	0.4809523809523809
} catch ( Exception e ) {	} catch ( Exception e ) {	} catch ( NoSuchMethodError e ) {	} catch ( Throwable e ) {	1.0	1.0	1.0	1.0	1.0	1.0	1.0	0.8571428571428571	0.6666666666666666	0.4	0	0	0.375	0.4809523809523809
Thread . sleep ( 200 ) ;	Thread . sleep ( 200 ) ;	Thread . sleep ( 2000 ) ;	Thread . sleep ( 250 ) ;	1.0	1.0	1.0	1.0	1.0	1.0	1.0	0.8571428571428571	0.6666666666666666	0.4	0.25	0.488923022434901	0.4107142857142857	0.5434523809523809
Thread . sleep ( 200 ) ;	Thread . sleep ( 200 ) ;	Thread . sleep ( 2000 ) ;	Thread . sleep ( 1000 ) ;	1.0	1.0	1.0	1.0	1.0	1.0	1.0	0.8571428571428571	0.6666666666666666	0.4	0.25	0.488923022434901	0.4107142857142857	0.5434523809523809
Thread . sleep ( 200 ) ;	Thread . sleep ( 200 ) ;	Thread . sleep ( 2000 ) ;	Thread . sleep ( 100 ) ;	1.0	1.0	1.0	1.0	1.0	1.0	1.0	0.8571428571428571	0.6666666666666666	0.4	0.25	0.488923022434901	0.4107142857142857	0.5434523809523809
if ( value ! = null ) {	if ( value ! = null ) {	if ( value ! = null & & ! value . isNull ( ) ) {	if ( value ! = null & & ( ( existingRanges . get ( i ) . second ( ) ) ! = ( existingRanges . get ( i ) . first ( ) ) ) ) {	1.0	1.0	1.0	1.0	1.0	1.0	1.0	0.22123464632915316	0.16855973053649764	0.14447976903128368	0.09724599838644095	0.15129390647949398	0.3313015995872033	0.15788003607084386
if ( value ! = null ) {	if ( value ! = null ) {	if ( value ! = null & & ! value . isNull ( ) ) {	if ( value ! = null & & ! value . toString ( ) . isEmpty ( ) ) {	1.0	1.0	1.0	1.0	1.0	1.0	1.0	0.730125734129442	0.6749606786618843	0.6119149009846753	0.539169772895588	0.6349991933341887	0.5929029304029304	0.6390427716678975
LOG . error ( e ) ;	LOG . error ( e ) ;	LOG . warn ( e ) ;	"LOG . error ( ""Can't read settings for "" + tool , e ) ;"	1.0	1.0	1.0	1.0	1.0	1.0	1.0	0.27334847770626036	0.15945327866198522	0.06378131146479409	0	0	0.15257352941176472	0.12414576695825992
LOG . error ( e ) ;	LOG . error ( e ) ;	LOG . warn ( e ) ;	LOG . info ( e ) ;	1.0	1.0	1.0	1.0	1.0	1.0	1.0	0.8571428571428571	0.6666666666666666	0.4	0.25	0.488923022434901	0.4107142857142857	0.5434523809523809
LOG . error ( e ) ;	LOG . error ( e ) ;	LOG . warn ( e ) ;	LOG . debug ( e ) ;	1.0	1.0	1.0	1.0	1.0	1.0	1.0	0.8571428571428571	0.6666666666666666	0.4	0.25	0.488923022434901	0.4107142857142857	0.5434523809523809
} catch ( Exception e ) {	} catch ( Exception e ) {	} catch ( StackOverflowError e ) {	} catch ( Throwable e ) {	1.0	1.0	1.0	1.0	1.0	1.0	1.0	0.8571428571428571	0.6666666666666666	0.4	0	0	0.375	0.4809523809523809
} catch ( Exception e ) {	} catch ( Exception e ) {	} catch ( StackOverflowError e ) {	} catch ( Throwable e ) {	1.0	1.0	1.0	1.0	1.0	1.0	1.0	0.8571428571428571	0.6666666666666666	0.4	0	0	0.375	0.4809523809523809
} catch ( Exception e ) {	} catch ( Exception e ) {	} catch ( StackOverflowError e ) {	} catch ( Throwable e ) {	1.0	1.0	1.0	1.0	1.0	1.0	1.0	0.8571428571428571	0.6666666666666666	0.4	0	0	0.375	0.4809523809523809
if ( properties ! = null ) {	if ( properties ! = null ) {	if ( properties = = null ) {	if ( properties ! = null & & properties . size ( ) > 0 ) {	1.0	1.0	1.0	1.0	1.0	1.0	1.0	0.284070908938556	0.1855156956333427	0.05410874455972496	0	0	0.19974696356275304	0.1309238372829059
throwable . printStackTrace ( ) ;	throwable . printStackTrace ( ) ;	throwable . printStackTrace ( System . err ) ;	"logger . error ( ""Error in testCloseHandles"" , throwable ) ;"	1.0	1.0	1.0	1.0	1.0	1.0	1.0	0.44485411273156	0.10009217536460102	0	0	0	0.10399159663865547	0.13623657202404027
@Test ( timeout = 60000 )	@Test ( timeout = 60000 )	@Test	@Test ( timeout = 300000 )	1.0	1.0	1.0	1.0	1.0	1.0	1.0	0	0	0	0	0	0.041666666666666664	0.0
@Test ( timeout = 600000 )	@Test ( timeout = 600000 )	@Test ( timeout = 1800000 )	@Test	1.0	1.0	1.0	1.0	1.0	1.0	1.0	0.16666666666666669	0	0	0	0	0.041666666666666664	0.04166666666666667
} catch ( IOException e ) {	} catch ( IOException e ) {	} catch ( Exception e ) {	} catch ( Exception e ) {	1.0	1.0	1.0	1.0	1.0	1.0	1.0	1.0	1.0	1.0	1.0	1.0	1.0	1.0
} catch ( IOException e ) {	} catch ( IOException e ) {	} catch ( Exception e ) {	} catch ( Exception e ) {	1.0	1.0	1.0	1.0	1.0	1.0	1.0	1.0	1.0	1.0	1.0	1.0	1.0	1.0
} catch ( IOException e ) {	} catch ( IOException e ) {	} catch ( Exception e ) {	} catch ( Exception e ) {	1.0	1.0	1.0	1.0	1.0	1.0	1.0	1.0	1.0	1.0	1.0	1.0	1.0	1.0
logger . info (	logger . info (	logger . finest (	logger . fine (	1.0	1.0	1.0	1.0	1.0	1.0	1.0	0.75	0.3333333333333333	0	0	0	0.2	0.2708333333333333
logger . info (	logger . info (	logger . finest (	logger . debug (	1.0	1.0	1.0	1.0	1.0	1.0	1.0	0.75	0.3333333333333333	0	0	0	0.2	0.2708333333333333
logger . info (	logger . info (	logger . finest (	logger . debug (	1.0	1.0	1.0	1.0	1.0	1.0	1.0	0.75	0.3333333333333333	0	0	0	0.2	0.2708333333333333
if ( list . isEmpty ( ) ) {	if ( list . isEmpty ( ) ) {	if ( ! list . isEmpty ( ) ) {	if ( CollectionUtils . isEmpty ( list ) ) {	1.0	1.0	1.0	1.0	1.0	1.0	1.0	0.9	0.5555555555555556	0.25	0	0	0.3263125763125763	0.42638888888888893
active = true ;	active = true ;	active = false ;	active = false ;	1.0	1.0	1.0	1.0	1.0	1.0	1.0	1.0	1.0	1.0	1.0	1.0	1.0	1.0
if ( ! launch . isTerminated ( ) ) {	if ( ! launch . isTerminated ( ) ) {	if ( ! launch . isTerminated ( ) & & launch . getLaunchConfiguration ( ) ! = null ) {	if ( launch ! = null & & ! launch . isTerminated ( ) ) {	1.0	1.0	1.0	1.0	1.0	1.0	1.0	0.8	0.5263157894736842	0.2777777777777778	0.17647058823529413	0.37903259135181483	0.41687710437710435	0.44514103887168904
if ( host = = null ) {	if ( host = = null ) {	if ( host = = null & & uri . getAuthority ( ) = = null ) {	if ( host = = null | | host . length ( ) = = 0 ) {	1.0	1.0	1.0	1.0	1.0	1.0	1.0	0.7222222222222222	0.5294117647058824	0.375	0.26666666666666666	0.44219732271776674	0.32827520305781177	0.4733251633986928
if ( host = = null ) {	if ( host = = null ) {	if ( host = = null & & uri . getAuthority ( ) = = null ) {	if ( host = = null | | host . isAlias ( ) ) {	1.0	1.0	1.0	1.0	1.0	1.0	1.0	0.6111111111111112	0.4117647058823529	0.25	0.2	0.33491517492026424	0.30630827505827507	0.368218954248366
throw new IllegalArgumentException ( ) ;	throw new IllegalArgumentException ( ) ;	"throw new IllegalArgumentException ( defaultInstanceName + "" not specified in instance configs."" ) ;"	throw new IllegalArgumentException ( t . getMessage ( ) , t ) ;	1.0	1.0	1.0	1.0	1.0	1.0	1.0	0.42857142857142855	0.30769230769230765	0.16666666666666669	0.0909090909090909	0.21142141714303078	0.16726190476190475	0.24845987345987344
throw new IllegalArgumentException ( ) ;	throw new IllegalArgumentException ( ) ;	"throw new IllegalArgumentException ( defaultInstanceName + "" not specified in instance configs."" ) ;"	"throw new IllegalArgumentException ( ""Cannot find registered cloud for "" + cloudId ) ;"	1.0	1.0	1.0	1.0	1.0	1.0	1.0	0.5714285714285714	0.30769230769230765	0.16666666666666669	0.0909090909090909	0.22718709780542318	0.18008658008658007	0.28417415917415917
throw new IllegalArgumentException ( ) ;	throw new IllegalArgumentException ( ) ;	"throw new IllegalArgumentException ( defaultInstanceName + "" not specified in instance configs."" ) ;"	"throw new IllegalArgumentException ( ""Project of the name "" + name + "" already exists"" ) ;"	1.0	1.0	1.0	1.0	1.0	1.0	1.0	0.4612101411459368	0.31042990269438053	0.13451962450089824	0.07337434063685358	0.1938867199918138	0.1825	0.24488350224451727
throw new IllegalArgumentException ( ) ;	throw new IllegalArgumentException ( ) ;	"throw new IllegalArgumentException ( ""Instance type not set in config"" ) ;"	throw new IllegalArgumentException ( t . getMessage ( ) , t ) ;	1.0	1.0	1.0	1.0	1.0	1.0	1.0	0.46002220731466165	0.33456160531975393	0.18400888292586468	0.10222715718103591	0.23196101068401995	0.18658625730994152	0.27020496318532905
throw new IllegalArgumentException ( ) ;	throw new IllegalArgumentException ( ) ;	"throw new IllegalArgumentException ( ""Instance type not set in config"" ) ;"	"throw new IllegalArgumentException ( ""Cannot find registered cloud for "" + cloudId ) ;"	1.0	1.0	1.0	1.0	1.0	1.0	1.0	0.423240862445307	0.30781153632385966	0.16929634497812282	0.09405352498784599	0.2134144322916053	0.1631578947368421	0.24860056718378387
throw new IllegalArgumentException ( ) ;	throw new IllegalArgumentException ( ) ;	"throw new IllegalArgumentException ( ""Instance type not set in config"" ) ;"	"throw new IllegalArgumentException ( ""Project of the name "" + name + "" already exists"" ) ;"	1.0	1.0	1.0	1.0	1.0	1.0	1.0	0.32962031510022183	0.23972386552743408	0.13184812604008875	0.07324895891116039	0.1662073269874415	0.15158102766798418	0.19361031639472626
String name ( ) ;	String name ( ) ;	"String name ( ) default """" ;"	String name ( ) default com . opensymphony . xwork2 . Action . SUCCESS ;	1.0	1.0	1.0	1.0	1.0	1.0	1.0	0.27334847770626036	0.2126043715493136	0.19134393439438227	0.15945327866198522	0.205203257527232	0.2635989010989011	0.20918751557798537
public String toString ( ) {	public String toString ( ) {	@Override public String toString ( ) {	public synchronized String toString ( ) {	1.0	1.0	1.0	1.0	1.0	1.0	1.0	0.8571428571428571	0.6666666666666666	0.6	0.5	0.6434588841607617	0.5029761904761905	0.655952380952381
String result = null ;	String result = null ;	String result = MessageProcessor . NO_RESPONSE ;	String result = version ;	1.0	1.0	1.0	1.0	1.0	1.0	1.0	0.5714285714285714	0.3333333333333333	0.2	0	0	0.2232142857142857	0.27619047619047615
catch ( Exception e )	catch ( Exception e )	catch ( NoSuchMethodException e )	catch ( IOException e )	1.0	1.0	1.0	1.0	1.0	1.0	1.0	0.8	0.5	0	0	0	0.25	0.325
catch ( Exception e )	catch ( Exception e )	catch ( NoSuchMethodException e )	catch ( Throwable t )	1.0	1.0	1.0	1.0	1.0	1.0	1.0	0.6	0.25	0	0	0	0.14285714285714285	0.2125
catch ( Exception e )	catch ( Exception e )	catch ( NoSuchMethodException e )	catch ( Exception | Error e )	1.0	1.0	1.0	1.0	1.0	1.0	1.0	0.5362560368285115	0.33516002301781966	0	0	0	0.1875	0.2178540149615828
} catch ( IOException e ) {	} catch ( IOException e ) {	} catch ( Exception e ) {	} catch ( Exception e ) {	1.0	1.0	1.0	1.0	1.0	1.0	1.0	1.0	1.0	1.0	1.0	1.0	1.0	1.0
} catch ( IOException e ) {	} catch ( IOException e ) {	} catch ( Exception e ) {	} catch ( Exception e ) {	1.0	1.0	1.0	1.0	1.0	1.0	1.0	1.0	1.0	1.0	1.0	1.0	1.0	1.0
} catch ( IOException e ) {	} catch ( IOException e ) {	} catch ( Exception e ) {	} catch ( Exception e ) {	1.0	1.0	1.0	1.0	1.0	1.0	1.0	1.0	1.0	1.0	1.0	1.0	1.0	1.0
double amount = Double . valueOf ( amt ) ;	double amount = Double . valueOf ( amt ) ;	double amount = Double . parseDouble ( amt ) ;	double amount = Double . parseDouble ( amt ) ;	1.0	1.0	1.0	1.0	1.0	1.0	1.0	1.0	1.0	1.0	1.0	1.0	1.0	1.0
Thread . sleep ( 2000 ) ;	Thread . sleep ( 2000 ) ;	Thread . sleep ( 5000 ) ;	Thread . sleep ( 10 ) ;	1.0	1.0	1.0	1.0	1.0	1.0	1.0	0.8571428571428571	0.6666666666666666	0.4	0.25	0.488923022434901	0.4107142857142857	0.5434523809523809
Thread . sleep ( 2000 ) ;	Thread . sleep ( 2000 ) ;	Thread . sleep ( 5000 ) ;	Thread . sleep ( 4000 ) ;	1.0	1.0	1.0	1.0	1.0	1.0	1.0	0.8571428571428571	0.6666666666666666	0.4	0.25	0.488923022434901	0.4107142857142857	0.5434523809523809
Thread . sleep ( 1000 ) ;	Thread . sleep ( 1000 ) ;	wait ( 1000 ) ;	Thread . sleep ( 3000 ) ;	1.0	1.0	1.0	1.0	1.0	1.0	1.0	0.40219202762138356	0.16758001150890983	0	0	0	0.1111111111111111	0.14244300978257335
Thread . sleep ( 1000 ) ;	Thread . sleep ( 1000 ) ;	wait ( 1000 ) ;	Thread . sleep ( 3000 ) ;	1.0	1.0	1.0	1.0	1.0	1.0	1.0	0.40219202762138356	0.16758001150890983	0	0	0	0.1111111111111111	0.14244300978257335
Thread . sleep ( 1000 ) ;	Thread . sleep ( 1000 ) ;	wait ( 1000 ) ;	Thread . sleep ( 2500 ) ;	1.0	1.0	1.0	1.0	1.0	1.0	1.0	0.40219202762138356	0.16758001150890983	0	0	0	0.1111111111111111	0.14244300978257335
LOG . error ( msg , e ) ;	LOG . error ( msg , e ) ;	LOG . debug ( msg , e ) ;	LOG . error ( msg ) ;	1.0	1.0	1.0	1.0	1.0	1.0	1.0	0.6666666666666666	0.375	0	0	0	0.21818181818181817	0.26041666666666663
catch ( Exception e )	catch ( Exception e )	catch ( IOException e )	catch ( IOException e )	1.0	1.0	1.0	1.0	1.0	1.0	1.0	1.0	1.0	1.0	1.0	1.0	1.0	1.0
catch ( Exception e )	catch ( Exception e )	catch ( IOException e )	catch ( Throwable t )	1.0	1.0	1.0	1.0	1.0	1.0	1.0	0.6	0.25	0	0	0	0.14285714285714285	0.2125
catch ( Exception e )	catch ( Exception e )	catch ( IOException e )	catch ( Exception | Error e )	1.0	1.0	1.0	1.0	1.0	1.0	1.0	0.5362560368285115	0.33516002301781966	0	0	0	0.1875	0.2178540149615828
import org . apache . commons . lang3 . StringUtils ;	import org . apache . commons . lang3 . StringUtils ;	import org . apache . commons . lang . StringUtils ;	import org . apache . commons . lang . StringUtils ;	1.0	1.0	1.0	1.0	1.0	1.0	1.0	1.0	1.0	1.0	1.0	1.0	1.0	1.0
LOG . debug (	LOG . debug (	LOG . error (	LOG . trace (	1.0	1.0	1.0	1.0	1.0	1.0	1.0	0.75	0.3333333333333333	0	0	0	0.2	0.2708333333333333
private static final boolean DEBUG = true ;	private static final boolean DEBUG = true ;	private static final boolean DEBUG = false ;	private static final boolean DEBUG = false ;	1.0	1.0	1.0	1.0	1.0	1.0	1.0	1.0	1.0	1.0	1.0	1.0	1.0	1.0
private static final boolean DEBUG = true ;	private static final boolean DEBUG = true ;	private static final boolean DEBUG = false ;	private static final boolean DEBUG = false ;	1.0	1.0	1.0	1.0	1.0	1.0	1.0	1.0	1.0	1.0	1.0	1.0	1.0	1.0
private static final boolean DEBUG = true ;	private static final boolean DEBUG = true ;	private static final boolean DEBUG = false ;	private static final boolean DEBUG = false ;	1.0	1.0	1.0	1.0	1.0	1.0	1.0	1.0	1.0	1.0	1.0	1.0	1.0	1.0
private static final boolean DEBUG = true ;	private static final boolean DEBUG = true ;	private static final boolean DEBUG = false ;	private static final boolean DEBUG = false ;	1.0	1.0	1.0	1.0	1.0	1.0	1.0	1.0	1.0	1.0	1.0	1.0	1.0	1.0
private static final boolean DEBUG = true ;	private static final boolean DEBUG = true ;	private static final boolean DEBUG = false ;	private static final boolean DEBUG = false ;	1.0	1.0	1.0	1.0	1.0	1.0	1.0	1.0	1.0	1.0	1.0	1.0	1.0	1.0
private static final boolean DEBUG = true ;	private static final boolean DEBUG = true ;	private static final boolean DEBUG = false ;	private static final boolean DEBUG = false ;	1.0	1.0	1.0	1.0	1.0	1.0	1.0	1.0	1.0	1.0	1.0	1.0	1.0	1.0
private static final boolean DEBUG = false ;	private static final boolean DEBUG = false ;	private static final boolean DEBUG = true ;	private static final boolean DEBUG = true ;	1.0	1.0	1.0	1.0	1.0	1.0	1.0	1.0	1.0	1.0	1.0	1.0	1.0	1.0
private static final boolean DEBUG = false ;	private static final boolean DEBUG = false ;	private static final boolean DEBUG = true ;	private static final boolean DEBUG = LoggingConfiguration . DEBUG ;	1.0	1.0	1.0	1.0	1.0	1.0	1.0	0.6814506851874793	0.5562862736224321	0.5192005220476033	0.4672804698428429	0.5506953149031837	0.471969696969697	0.5560544876750894
private static final boolean DEBUG = false ;	private static final boolean DEBUG = false ;	private static final boolean DEBUG = true ;	private static final boolean DEBUG = true ;	1.0	1.0	1.0	1.0	1.0	1.0	1.0	1.0	1.0	1.0	1.0	1.0	1.0	1.0
if ( prefix ! = null ) {	if ( prefix ! = null ) {	if ( prefix ! = null & & prefix . length ( ) > 0 ) {	if ( ! prefix . isEmpty ( ) ) {	1.0	1.0	1.0	1.0	1.0	1.0	1.0	0.5294117647058824	0.25	0	0	0	0.17261904761904762	0.1948529411764706
if ( prefix ! = null ) {	if ( prefix ! = null ) {	if ( prefix ! = null & & prefix . length ( ) > 0 ) {	if ( prefix ! = null & & value ! = null & & ! value . toString ( ) . startsWith ( prefix ) ) {	1.0	1.0	1.0	1.0	1.0	1.0	1.0	0.45731113070748874	0.31235983481359725	0.22212254920078026	0.19832370464355384	0.2816492233297367	0.3253168202764977	0.29752930484135504
LOG . error ( e ) ;	LOG . error ( e ) ;	"LOG . error ( ""Failed to save bag"" , e ) ;"	"LOG . error ( ""Can't read settings for "" + tool , e ) ;"	1.0	1.0	1.0	1.0	1.0	1.0	1.0	0.5192005220476033	0.42480042712985716	0.311520313228562	0.17306684068253442	0.3302212944306679	0.2631578947368421	0.3571470257721392
LOG . error ( e ) ;	LOG . error ( e ) ;	"LOG . error ( ""Failed to save bag"" , e ) ;"	LOG . info ( e ) ;	1.0	1.0	1.0	1.0	1.0	1.0	1.0	0.5	0.2727272727272727	0.10000000000000002	0	0	0.18681318681318682	0.21818181818181817
LOG . error ( e ) ;	LOG . error ( e ) ;	"LOG . error ( ""Failed to save bag"" , e ) ;"	LOG . debug ( e ) ;	1.0	1.0	1.0	1.0	1.0	1.0	1.0	0.5	0.2727272727272727	0.10000000000000002	0	0	0.18681318681318682	0.21818181818181817
} catch ( ArrayIndexOutOfBoundsException e ) {	} catch ( ArrayIndexOutOfBoundsException e ) {	} catch ( IndexOutOfBoundsException e ) {	} catch ( IndexOutOfBoundsException e ) {	1.0	1.0	1.0	1.0	1.0	1.0	1.0	1.0	1.0	1.0	1.0	1.0	1.0	1.0
} catch ( ArrayIndexOutOfBoundsException e ) {	} catch ( ArrayIndexOutOfBoundsException e ) {	} catch ( IndexOutOfBoundsException e ) {	} catch ( IndexOutOfBoundsException e ) {	1.0	1.0	1.0	1.0	1.0	1.0	1.0	1.0	1.0	1.0	1.0	1.0	1.0	1.0
} catch ( ArrayIndexOutOfBoundsException e ) {	} catch ( ArrayIndexOutOfBoundsException e ) {	} catch ( IndexOutOfBoundsException e ) {	} catch ( IndexOutOfBoundsException e ) {	1.0	1.0	1.0	1.0	1.0	1.0	1.0	1.0	1.0	1.0	1.0	1.0	1.0	1.0
boolean enabled = true ;	boolean enabled = true ;	boolean enabled = false ;	boolean enabled ;	1.0	1.0	1.0	1.0	1.0	1.0	1.0	0.6	0.25	0	0	0	0.2	0.2125
} catch ( IOException ex ) {	} catch ( IOException ex ) {	} catch ( IOException | UnsupportedOperationException ex ) {	} catch ( Throwable ex ) {	1.0	1.0	1.0	1.0	1.0	1.0	1.0	0.6666666666666666	0.5	0.2857142857142857	0	0	0.3	0.363095238095238
} catch ( IOException ex ) {	} catch ( IOException ex ) {	} catch ( IOException | UnsupportedOperationException ex ) {	} catch ( IOException | ArrayIndexOutOfBoundsException ex ) {	1.0	1.0	1.0	1.0	1.0	1.0	1.0	0.8888888888888888	0.75	0.5714285714285714	0.3333333333333333	0.5969491792019646	0.49999999999999994	0.6359126984126985
} catch ( IOException ex ) {	} catch ( IOException ex ) {	} catch ( IOException | UnsupportedOperationException ex ) {	} catch ( Exception ex ) {	1.0	1.0	1.0	1.0	1.0	1.0	1.0	0.6666666666666666	0.5	0.2857142857142857	0	0	0.3	0.363095238095238
setModal ( true ) ;	setModal ( true ) ;	setModal ( false ) ;	setModal ( false ) ;	1.0	1.0	1.0	1.0	1.0	1.0	1.0	1.0	1.0	1.0	1.0	1.0	1.0	1.0
public static final boolean DEBUG = true ;	public static final boolean DEBUG = true ;	public static final boolean DEBUG = false ;	public static final boolean DEBUG = false ;	1.0	1.0	1.0	1.0	1.0	1.0	1.0	1.0	1.0	1.0	1.0	1.0	1.0	1.0
public static final boolean DEBUG = true ;	public static final boolean DEBUG = true ;	public static final boolean DEBUG = false ;	public static final boolean DEBUG = false ;	1.0	1.0	1.0	1.0	1.0	1.0	1.0	1.0	1.0	1.0	1.0	1.0	1.0	1.0
public static final boolean DEBUG = true ;	public static final boolean DEBUG = true ;	public static final boolean DEBUG = false ;	public static final boolean DEBUG = false ;	1.0	1.0	1.0	1.0	1.0	1.0	1.0	1.0	1.0	1.0	1.0	1.0	1.0	1.0
synchronized ( point ) {	synchronized ( point ) {	synchronized ( points ) {	synchronized ( points ) {	1.0	1.0	1.0	1.0	1.0	1.0	1.0	1.0	1.0	1.0	1.0	1.0	1.0	1.0
"Log . d ( TAG , ""Camera resolution: "" + screenResolution ) ;"	"Log . d ( TAG , ""Camera resolution: "" + screenResolution ) ;"	"Log . d ( TAG , ""Camera resolution: "" + cameraResolution ) ;"	"Log . d ( TAG , ""Camera resolution: "" + cameraResolution ) ;"	1.0	1.0	1.0	1.0	1.0	1.0	1.0	1.0	1.0	1.0	1.0	1.0	1.0	1.0
if ( prefs . getBoolean ( PreferencesActivity . KEY_FRONT_LIGHT , true ) ) {	if ( prefs . getBoolean ( PreferencesActivity . KEY_FRONT_LIGHT , true ) ) {	if ( prefs . getBoolean ( PreferencesActivity . KEY_FRONT_LIGHT , false ) ) {	if ( prefs . getBoolean ( PreferencesActivity . KEY_FRONT_LIGHT , false ) ) {	1.0	1.0	1.0	1.0	1.0	1.0	1.0	1.0	1.0	1.0	1.0	1.0	1.0	1.0
public final class DECaptureActivity extends Activity implements SurfaceHolder . Callback {	public final class DECaptureActivity extends Activity implements SurfaceHolder . Callback {	public final class CaptureActivity extends Activity implements SurfaceHolder . Callback {	public final class CaptureActivity extends Activity implements SurfaceHolder . Callback {	1.0	1.0	1.0	1.0	1.0	1.0	1.0	1.0	1.0	1.0	1.0	1.0	1.0	1.0
final class ResultHandler implements Button . OnClickListenear {	final class ResultHandler implements Button . OnClickListenear {	final class ResultHandler implements Button . OnClickListener {	final class ResultHandler implements Button . OnClickListener {	1.0	1.0	1.0	1.0	1.0	1.0	1.0	1.0	1.0	1.0	1.0	1.0	1.0	1.0
intent = new Intent ( Intent . SENDTO_ACTION , Uri . parse ( emailResult . getEmailAddress ( ) ) ) ;	intent = new Intent ( Intent . SENDTO_ACTION , Uri . parse ( emailResult . getEmailAddress ( ) ) ) ;	"intent = new Intent ( Intent . SENDTO_ACTION , Uri . parse ( ""mailto:"" + emailResult . getEmailAddress ( ) ) ) ;"	"intent = new Intent ( Intent . SENDTO_ACTION , Uri . parse ( ""mailto:"" + emailResult . getEmailAddress ( ) ) ) ;"	1.0	1.0	1.0	1.0	1.0	1.0	1.0	1.0	1.0	1.0	1.0	1.0	1.0	1.0
@GeneratedValue ( strategy = GenerationType . AUTO )	@GeneratedValue ( strategy = GenerationType . AUTO )	@GeneratedValue ( strategy = GenerationType . IDENTITY )	@GeneratedValue ( strategy = GenerationType . IDENTITY )	1.0	1.0	1.0	1.0	1.0	1.0	1.0	1.0	1.0	1.0	1.0	1.0	1.0	1.0
} catch ( RuntimeException e ) {	} catch ( RuntimeException e ) {	} catch ( Throwable e ) {	} catch ( Throwable e ) {	1.0	1.0	1.0	1.0	1.0	1.0	1.0	1.0	1.0	1.0	1.0	1.0	1.0	1.0
} catch ( RuntimeException e ) {	} catch ( RuntimeException e ) {	} catch ( Throwable e ) {	} catch ( RuntimeException | SQLException e ) {	1.0	1.0	1.0	1.0	1.0	1.0	1.0	0.6441233940645307	0.5009848620501905	0.3005909172301144	0	0	0.3	0.3614247933362089
} catch ( RuntimeException e ) {	} catch ( RuntimeException e ) {	} catch ( Throwable e ) {	} catch ( Throwable e ) {	1.0	1.0	1.0	1.0	1.0	1.0	1.0	1.0	1.0	1.0	1.0	1.0	1.0	1.0
if ( node ! = null ) {	if ( node ! = null ) {	if ( node ! = null & & cd . superclass ( ) ! = null ) {	if ( node ! = null & & node . getModelReference ( ) ! = null ) {	1.0	1.0	1.0	1.0	1.0	1.0	1.0	0.8888888888888888	0.7647058823529411	0.6875	0.6	0.7276817202342092	0.5691873915558125	0.7352736928104575
} catch ( IOException e ) {	} catch ( IOException e ) {	} catch ( IOException | UnsupportedOperationException | UnsatisfiedLinkError e ) {	} catch ( Exception e ) {	1.0	1.0	1.0	1.0	1.0	1.0	1.0	0.5454545454545454	0.4	0.2222222222222222	0	0	0.26136363636363635	0.2919191919191919
} catch ( IOException e ) {	} catch ( IOException e ) {	} catch ( IOException | UnsupportedOperationException | UnsatisfiedLinkError e ) {	} catch ( Exception e ) {	1.0	1.0	1.0	1.0	1.0	1.0	1.0	0.5454545454545454	0.4	0.2222222222222222	0	0	0.26136363636363635	0.2919191919191919
} catch ( IOException e ) {	} catch ( IOException e ) {	} catch ( IOException | UnsupportedOperationException | UnsatisfiedLinkError e ) {	} catch ( Exception e ) {	1.0	1.0	1.0	1.0	1.0	1.0	1.0	0.5454545454545454	0.4	0.2222222222222222	0	0	0.26136363636363635	0.2919191919191919
if ( xform = = null )	if ( xform = = null )	if ( xform = = null | | rect = = null )	if ( xform = = null | | rect = = null )	1.0	1.0	1.0	1.0	1.0	1.0	1.0	1.0	1.0	1.0	1.0	1.0	1.0	1.0
if ( r ! = null ) {	if ( r ! = null ) {	if ( r ! = null & & r . getDataSet ( ) ! = null ) {	if ( r ! = null & & r . getPixivIdList ( ) ! = null ) {	1.0	1.0	1.0	1.0	1.0	1.0	1.0	0.9444444444444444	0.8823529411764706	0.8125	0.7333333333333333	0.8394327083733336	0.7109133126934984	0.843157679738562
if ( r ! = null ) {	if ( r ! = null ) {	if ( r ! = null & & r . getDataSet ( ) ! = null ) {	if ( r ! = null & & r . isPublic ( ) ) {	1.0	1.0	1.0	1.0	1.0	1.0	1.0	0.7777777777777778	0.6470588235294118	0.5	0.4666666666666667	0.5853882755435387	0.5486111111111112	0.597875816993464
} catch ( IOException e ) {	} catch ( IOException e ) {	} catch ( IOException | IllegalArgumentException e ) {	} catch ( Exception e ) {	1.0	1.0	1.0	1.0	1.0	1.0	1.0	0.6666666666666666	0.5	0.2857142857142857	0	0	0.3	0.363095238095238
} catch ( IOException e ) {	} catch ( IOException e ) {	} catch ( IOException | IllegalArgumentException e ) {	} catch ( Exception e ) {	1.0	1.0	1.0	1.0	1.0	1.0	1.0	0.6666666666666666	0.5	0.2857142857142857	0	0	0.3	0.363095238095238
} catch ( IOException e ) {	} catch ( IOException e ) {	} catch ( IOException | IllegalArgumentException e ) {	} catch ( Exception e ) {	1.0	1.0	1.0	1.0	1.0	1.0	1.0	0.6666666666666666	0.5	0.2857142857142857	0	0	0.3	0.363095238095238
} catch ( IllegalArgumentException e ) {	} catch ( IllegalArgumentException e ) {	} catch ( IllegalArgumentException | StringIndexOutOfBoundsException e ) {	} catch ( RuntimeException e ) {	1.0	1.0	1.0	1.0	1.0	1.0	1.0	0.6666666666666666	0.5	0.2857142857142857	0	0	0.3	0.363095238095238
} catch ( IllegalArgumentException e ) {	} catch ( IllegalArgumentException e ) {	} catch ( IllegalArgumentException | StringIndexOutOfBoundsException e ) {	} catch ( Exception e ) {	1.0	1.0	1.0	1.0	1.0	1.0	1.0	0.6666666666666666	0.5	0.2857142857142857	0	0	0.3	0.363095238095238
} catch ( IllegalArgumentException e ) {	} catch ( IllegalArgumentException e ) {	} catch ( IllegalArgumentException | StringIndexOutOfBoundsException e ) {	} catch ( Exception e ) {	1.0	1.0	1.0	1.0	1.0	1.0	1.0	0.6666666666666666	0.5	0.2857142857142857	0	0	0.3	0.363095238095238
this ( null ) ;	this ( null ) ;	this ( ( String [ ] ) null ) ;	this ( loadEmptyMarshaller ( ) ) ;	1.0	1.0	1.0	1.0	1.0	1.0	1.0	0.6	0.2222222222222222	0	0	0	0.14957264957264957	0.20555555555555555
this ( null ) ;	this ( null ) ;	this ( ( String [ ] ) null ) ;	this ( Normalizer . Form . NFC ) ;	1.0	1.0	1.0	1.0	1.0	1.0	1.0	0.4	0.2222222222222222	0	0	0	0.11666666666666667	0.15555555555555556
this ( null ) ;	this ( null ) ;	this ( ( String [ ] ) null ) ;	"this ( """" ) ;"	1.0	1.0	1.0	1.0	1.0	1.0	1.0	0.4	0.2222222222222222	0	0	0	0.15656565656565657	0.15555555555555556
if ( error ) {	if ( error ) {	"if ( error | | source . url . contains ( ""yopaseopor/traffic_signs"" ) ) {"	if ( ! error ) {	1.0	1.0	1.0	1.0	1.0	1.0	1.0	0.3333333333333333	0.14285714285714285	0	0	0	0.13357843137254902	0.11904761904761904
synchronized ( this ) {	synchronized ( this ) {	synchronized ( AdvancedKeyPressDetector . this ) {	synchronized ( clz ) {	1.0	1.0	1.0	1.0	1.0	1.0	1.0	0.5714285714285714	0.3333333333333333	0	0	0	0.1875	0.22619047619047616
synchronized ( this ) {	synchronized ( this ) {	synchronized ( AdvancedKeyPressDetector . this ) {	synchronized ( name . intern ( ) ) {	1.0	1.0	1.0	1.0	1.0	1.0	1.0	0.5367694950537757	0.2504924310250953	0	0	0	0.18055555555555555	0.19681548151971773
synchronized ( this ) {	synchronized ( this ) {	synchronized ( AdvancedKeyPressDetector . this ) {	synchronized ( BlockReceiver . this ) {	1.0	1.0	1.0	1.0	1.0	1.0	1.0	0.8571428571428571	0.6666666666666666	0.4	0.25	0.488923022434901	0.4107142857142857	0.5434523809523809
if ( url ! = null ) {	if ( url ! = null ) {	if ( url ! = null & & imageryBlacklist . size ( ) ! = 0 ) {	if ( url ! = null & & StringUtils . isBlank ( md . getName ( ) ) ) {	1.0	1.0	1.0	1.0	1.0	1.0	1.0	0.6462728399214892	0.4737384618429016	0.33556474380538864	0.2982797722714565	0.4183971038082781	0.3369265483971366	0.43846395446030895
if ( url ! = null ) {	if ( url ! = null ) {	if ( url ! = null & & imageryBlacklist . size ( ) ! = 0 ) {	if ( image ! = null ) {	1.0	1.0	1.0	1.0	1.0	1.0	1.0	0.3888888888888889	0.23529411764705885	0.0625	0	0	0.18953634085213034	0.17167075163398693
if ( value = = null ) {	if ( value = = null ) {	if ( value . length ( ) = = 0 ) {	if ( value = = null | | value . length ( ) = = 0 ) {	1.0	1.0	1.0	1.0	1.0	1.0	1.0	0.6065306597126334	0.6065306597126334	0.5458775937413701	0.47174606866538155	0.554788268632133	0.6117145721925134	0.5576712454580046
if ( value = = null ) {	if ( value = = null ) {	if ( value . length ( ) = = 0 ) {	if ( ObjectUtils . isBlank ( value ) ) {	1.0	1.0	1.0	1.0	1.0	1.0	1.0	0.6666666666666666	0.2727272727272727	0	0	0	0.1804812834224599	0.23484848484848483
if ( value = = null ) {	if ( value = = null ) {	if ( value . length ( ) = = 0 ) {	if ( value = = null | | value . getValueForConfig ( ) = = null ) {	1.0	1.0	1.0	1.0	1.0	1.0	1.0	0.5054422164271946	0.38597405618076674	0.18195919791379003	0.06739229552362593	0.22115841693411734	0.2828990707995284	0.2851919415113443
if ( file . exists ( ) ) {	if ( file . exists ( ) ) {	if ( file ! = null & & file . exists ( ) ) {	if ( file ! = null & & file . exists ( ) ) {	1.0	1.0	1.0	1.0	1.0	1.0	1.0	1.0	1.0	1.0	1.0	1.0	1.0	1.0
if ( file . exists ( ) ) {	if ( file . exists ( ) ) {	if ( file ! = null & & file . exists ( ) ) {	if ( file . exists ( ) & & ! visited . contains ( file . getPath ( ) ) ) {	1.0	1.0	1.0	1.0	1.0	1.0	1.0	0.5434772072366487	0.40312869767553616	0.2894257316644875	0.10451484754550938	0.2853218593110489	0.3379206999896655	0.3351366210305454
if ( file . exists ( ) ) {	if ( file . exists ( ) ) {	if ( file ! = null & & file . exists ( ) ) {	if ( ! file . exists ( ) ) {	1.0	1.0	1.0	1.0	1.0	1.0	1.0	0.6666666666666666	0.5	0.38461538461538464	0.3333333333333333	0.4546697236991713	0.4359848484848485	0.4711538461538461
Thread . sleep ( 2000 ) ;	Thread . sleep ( 2000 ) ;	Thread . sleep ( 3000 ) ;	Thread . sleep ( 10 ) ;	1.0	1.0	1.0	1.0	1.0	1.0	1.0	0.8571428571428571	0.6666666666666666	0.4	0.25	0.488923022434901	0.4107142857142857	0.5434523809523809
Thread . sleep ( 2000 ) ;	Thread . sleep ( 2000 ) ;	Thread . sleep ( 3000 ) ;	Thread . sleep ( 4000 ) ;	1.0	1.0	1.0	1.0	1.0	1.0	1.0	0.8571428571428571	0.6666666666666666	0.4	0.25	0.488923022434901	0.4107142857142857	0.5434523809523809
private boolean enabled = true ;	private boolean enabled = true ;	private boolean enabled = false ;	private boolean enabled = false ;	1.0	1.0	1.0	1.0	1.0	1.0	1.0	1.0	1.0	1.0	1.0	1.0	1.0	1.0
private boolean enabled = true ;	private boolean enabled = true ;	private boolean enabled = false ;	private boolean enabled = false ;	1.0	1.0	1.0	1.0	1.0	1.0	1.0	1.0	1.0	1.0	1.0	1.0	1.0	1.0
setRequestedOrientation ( ActivityInfo . SCREEN_ORIENTATION_SENSOR ) ;	setRequestedOrientation ( ActivityInfo . SCREEN_ORIENTATION_SENSOR ) ;	setRequestedOrientation ( ActivityInfo . SCREEN_ORIENTATION_UNSPECIFIED ) ;	setRequestedOrientation ( ActivityInfo . SCREEN_ORIENTATION_USER ) ;	1.0	1.0	1.0	1.0	1.0	1.0	1.0	0.8571428571428571	0.6666666666666666	0.4	0.25	0.488923022434901	0.4107142857142857	0.5434523809523809
if ( isConnected ( ) ) {	if ( isConnected ( ) ) {	if ( ! isConnected ( ) ) {	if ( isConnected ( ) & & sessionId ! = null ) {	1.0	1.0	1.0	1.0	1.0	1.0	1.0	0.5352614285189903	0.305863673439423	0.08921023808649839	0	0	0.23229166666666667	0.23258383501122792
} catch ( Exception e ) {	} catch ( Exception e ) {	} catch ( NumberFormatException e ) {	} catch ( Throwable e ) {	1.0	1.0	1.0	1.0	1.0	1.0	1.0	0.8571428571428571	0.6666666666666666	0.4	0	0	0.375	0.4809523809523809
} catch ( Exception e ) {	} catch ( Exception e ) {	} catch ( NumberFormatException e ) {	} catch ( Throwable e ) {	1.0	1.0	1.0	1.0	1.0	1.0	1.0	0.8571428571428571	0.6666666666666666	0.4	0	0	0.375	0.4809523809523809
} catch ( Exception e ) {	} catch ( Exception e ) {	} catch ( NumberFormatException e ) {	} catch ( Throwable e ) {	1.0	1.0	1.0	1.0	1.0	1.0	1.0	0.8571428571428571	0.6666666666666666	0.4	0	0	0.375	0.4809523809523809
Debug . logError ( e , module ) ;	Debug . logError ( e , module ) ;	"Debug . logError ( e , ""Error while saving TrackingCodeVisit"" , module ) ;"	Debug . logVerbose ( e , module ) ;	1.0	1.0	1.0	1.0	1.0	1.0	1.0	0.5714285714285714	0.46153846153846156	0.25	0.0909090909090909	0.27824623288353134	0.3053571428571429	0.3434690309690309
if ( obj = = null ) {	if ( obj = = null ) {	if ( UtilValidate . isEmpty ( obj ) ) {	if ( obj = = null | | obj . getName ( ) = = null ) {	1.0	1.0	1.0	1.0	1.0	1.0	1.0	0.35946317129377725	0.14977632137240718	0	0	0	0.1607142857142857	0.1273098731665461
if ( obj = = null ) {	if ( obj = = null ) {	if ( UtilValidate . isEmpty ( obj ) ) {	if ( obj . equals ( null ) ) {	1.0	1.0	1.0	1.0	1.0	1.0	1.0	0.8	0.4444444444444444	0.12500000000000003	0	0	0.23809523809523808	0.3423611111111111
"Double issuedQuantity = ( Double ) resultService . get ( ""issuedQuantity"" ) ;"	"Double issuedQuantity = ( Double ) resultService . get ( ""issuedQuantity"" ) ;"	"Double issuedQuantity = ( Double ) resultService . get ( ""quantityIssued"" ) ;"	"Double issuedQuantity = ( Double ) resultService . get ( ""quantityIssued"" ) ;"	1.0	1.0	1.0	1.0	1.0	1.0	1.0	1.0	1.0	1.0	1.0	1.0	1.0	1.0
for ( int i = 0 ; i < 9 ; i + + ) {	for ( int i = 0 ; i < 9 ; i + + ) {	for ( int i = 0 ; i < 8 ; i + + ) {	for ( int i = 0 ; i < MAPPING_HEADER . size ( ) ; i + + ) {	1.0	1.0	1.0	1.0	1.0	1.0	1.0	0.730125734129442	0.6749606786618843	0.6119149009846753	0.539169772895588	0.6349991933341887	0.5714285714285714	0.6390427716678975
for ( int i = 0 ; i < 9 ; i + + ) {	for ( int i = 0 ; i < 9 ; i + + ) {	for ( int i = 0 ; i < 8 ; i + + ) {	for ( int i = 0 ; i < = 9 ; i + + ) {	1.0	1.0	1.0	1.0	1.0	1.0	1.0	0.8806997463876336	0.814157987771679	0.7381102636391595	0.6503628896400986	0.7659552353576201	0.6657868275515335	0.7708327218596427
logger . setLevel ( Level . ALL ) ;	logger . setLevel ( Level . ALL ) ;	logger . setLevel ( Level . INFO ) ;	logger . setLevel ( Level . INFO ) ;	1.0	1.0	1.0	1.0	1.0	1.0	1.0	1.0	1.0	1.0	1.0	1.0	1.0	1.0
if ( error ! = null ) {	if ( error ! = null ) {	if ( isDone & & error ! = null ) {	if ( error ! = null & & backend . getVars ( ) ! = null ) {	1.0	1.0	1.0	1.0	1.0	1.0	1.0	0.48110303772731844	0.3704493390500352	0.2352059295555779	0.19845500306251884	0.30200860017671066	0.35779914529914525	0.3213033273488626
int count = 0 ;	int count = 0 ;	int count ;	int count = 1 ;	1.0	1.0	1.0	1.0	1.0	1.0	1.0	0.513417119032592	0.256708559516296	0	0	0	0.2	0.192531419637222
if ( length > 0 ) {	if ( length > 0 ) {	if ( end . getNext ( ) = = null ) {	if ( length > 0 L ) {	1.0	1.0	1.0	1.0	1.0	1.0	1.0	0.3333333333333333	0.18181818181818182	0	0	0	0.10817307692307693	0.12878787878787878
protected String getUserAgentStylesheet ( ) {	protected String getUserAgentStylesheet ( ) {	public String getUserAgentStylesheet ( ) {	public String getUserAgentStylesheet ( ) {	1.0	1.0	1.0	1.0	1.0	1.0	1.0	1.0	1.0	1.0	1.0	1.0	1.0	1.0
if ( f . exists ( ) ) {	if ( f . exists ( ) ) {	if ( f ! = null & & f . exists ( ) ) {	if ( f . isFile ( ) ) {	1.0	1.0	1.0	1.0	1.0	1.0	1.0	0.5333333333333333	0.42857142857142855	0.23076923076923078	0.08333333333333333	0.2574866101628968	0.2775735294117647	0.3190018315018315
private final static boolean DEBUG = true ;	private final static boolean DEBUG = true ;	private final static boolean DEBUG = false ;	private final static boolean DEBUG = false ;	1.0	1.0	1.0	1.0	1.0	1.0	1.0	1.0	1.0	1.0	1.0	1.0	1.0	1.0
private final static boolean DEBUG = true ;	private final static boolean DEBUG = true ;	private final static boolean DEBUG = false ;	private final static boolean DEBUG = false ;	1.0	1.0	1.0	1.0	1.0	1.0	1.0	1.0	1.0	1.0	1.0	1.0	1.0	1.0
private final static boolean DEBUG = true ;	private final static boolean DEBUG = true ;	private final static boolean DEBUG = false ;	private final static boolean DEBUG = false ;	1.0	1.0	1.0	1.0	1.0	1.0	1.0	1.0	1.0	1.0	1.0	1.0	1.0	1.0
Thread t = new Thread ( ) ;	Thread t = new Thread ( ) ;	Thread t = new Thread ( r ) ;	Thread t = new Thread ( r ) ;	1.0	1.0	1.0	1.0	1.0	1.0	1.0	1.0	1.0	1.0	1.0	1.0	1.0	1.0
throw new UnsupportedOperationException ( ) ;	throw new UnsupportedOperationException ( ) ;	return false ;	"throw new UnsupportedOperationException ( ""Query "" + this + "" does not implement createWeight"" ) ;"	1.0	1.0	1.0	1.0	1.0	1.0	1.0	0	0	0	0	0	0.015625	0.0
throw new UnsupportedOperationException ( ) ;	throw new UnsupportedOperationException ( ) ;	return false ;	return null ;	1.0	1.0	1.0	1.0	1.0	1.0	1.0	0.6666666666666666	0	0	0	0	0.125	0.16666666666666666
throw new UnsupportedOperationException ( ) ;	throw new UnsupportedOperationException ( ) ;	return false ;	return myNodes . get ( 0 ) . getStartOffset ( ) ;	1.0	1.0	1.0	1.0	1.0	1.0	1.0	0.03319137891190929	0	0	0	0	0.05	0.008297844727977323
if ( length < 0 ) {	if ( length < 0 ) {	if ( length < = 0 ) {	if ( length < = 0 ) {	1.0	1.0	1.0	1.0	1.0	1.0	1.0	1.0	1.0	1.0	1.0	1.0	1.0	1.0
"LOG . error ( ""Fooooooooo <{}>"" , clientID ) ;"	"LOG . error ( ""Fooooooooo <{}>"" , clientID ) ;"	"LOG . debug ( ""Session cleanup for client <{}>"" , clientID ) ;"	"LOG . debug ( ""Session cleanup for client <{}>"" , clientID ) ;"	1.0	1.0	1.0	1.0	1.0	1.0	1.0	1.0	1.0	1.0	1.0	1.0	1.0	1.0
m_db = DBMaker . newFileDB ( tmpFile ) . closeOnJvmShutdown ( ) . make ( ) ;	m_db = DBMaker . newFileDB ( tmpFile ) . closeOnJvmShutdown ( ) . make ( ) ;	m_db = DBMaker . newFileDB ( tmpFile ) . make ( ) ;	m_db = DBMaker . newFileDB ( tmpFile ) . make ( ) ;	1.0	1.0	1.0	1.0	1.0	1.0	1.0	1.0	1.0	1.0	1.0	1.0	1.0	1.0
"pipeline . addLast ( ""webSocketHandler"" , new WebSocketServerProtocolHandler ( ""/mqtt"" , ""mqttv3.1, mqttv3.1.1"" ) ) ;"	"pipeline . addLast ( ""webSocketHandler"" , new WebSocketServerProtocolHandler ( ""/mqtt"" , ""mqttv3.1, mqttv3.1.1"" ) ) ;"	"pipeline . addLast ( ""webSocketHandler"" , new WebSocketServerProtocolHandler ( ""/mqtt"" , ""mqtt, mqttv3.1, mqttv3.1.1"" ) ) ;"	"pipeline . addLast ( ""webSocketHandler"" , new WebSocketServerProtocolHandler ( ""/mqtt"" , ""mqtt, mqttv3.1, mqttv3.1.1"" ) ) ;"	1.0	1.0	1.0	1.0	1.0	1.0	1.0	1.0	1.0	1.0	1.0	1.0	1.0	1.0
"pipeline . addFirst ( ""bytemetrics"" , new BytesMetricsHandler ( m_bytesMetricsCollector ) ) ; pipeline . addFirst ( ""metrics"" , new BytesMetricsHandler ( m_bytesMetricsCollector ) ) ;"	"pipeline . addFirst ( ""bytemetrics"" , new BytesMetricsHandler ( m_bytesMetricsCollector ) ) ; pipeline . addFirst ( ""metrics"" , new BytesMetricsHandler ( m_bytesMetricsCollector ) ) ;"	"pipeline . addFirst ( ""bytemetrics"" , new BytesMetricsHandler ( m_bytesMetricsCollector ) ) ;"	"pipeline . addFirst ( ""bytemetrics"" , new BytesMetricsHandler ( m_bytesMetricsCollector ) ) ;"	1.0	1.0	1.0	1.0	1.0	1.0	1.0	1.0	1.0	1.0	1.0	1.0	1.0	1.0
"LOG . error ( ""Grave error processing the message {} for {}"" , message , session , th ) ;"	"LOG . error ( ""Grave error processing the message {} for {}"" , message , session , th ) ;"	"LOG . error ( ""Serious error processing the message {} for {}"" , message , session , th ) ;"	"LOG . error ( ""Serious error processing the message {} for {}"" , message , session , th ) ;"	1.0	1.0	1.0	1.0	1.0	1.0	1.0	1.0	1.0	1.0	1.0	1.0	1.0	1.0
ctx . write ( pingResp ) ;	ctx . write ( pingResp ) ;	ctx . writeAndFlush ( pingResp ) ;	ctx . writeAndFlush ( pingResp ) ;	1.0	1.0	1.0	1.0	1.0	1.0	1.0	1.0	1.0	1.0	1.0	1.0	1.0	1.0
assertEquals ( 20 , m_mockProtoEncoder . getBuffer ( ) . get ( ) ) ;	assertEquals ( 20 , m_mockProtoEncoder . getBuffer ( ) . get ( ) ) ;	assertEquals ( 16 , m_mockProtoEncoder . getBuffer ( ) . get ( ) ) ;	assertEquals ( 16 , m_mockProtoEncoder . getBuffer ( ) . get ( ) ) ;	1.0	1.0	1.0	1.0	1.0	1.0	1.0	1.0	1.0	1.0	1.0	1.0	1.0	1.0
} catch ( IOException e ) {	} catch ( IOException e ) {	} catch ( Exception e ) {	} catch ( Exception e ) {	1.0	1.0	1.0	1.0	1.0	1.0	1.0	1.0	1.0	1.0	1.0	1.0	1.0	1.0
} catch ( IOException e ) {	} catch ( IOException e ) {	} catch ( Exception e ) {	} catch ( Exception e ) {	1.0	1.0	1.0	1.0	1.0	1.0	1.0	1.0	1.0	1.0	1.0	1.0	1.0	1.0
} catch ( IOException e ) {	} catch ( IOException e ) {	} catch ( Exception e ) {	} catch ( Exception e ) {	1.0	1.0	1.0	1.0	1.0	1.0	1.0	1.0	1.0	1.0	1.0	1.0	1.0	1.0
